	p_val	avg_log2FC	pct.1	pct.2	p_val_adj
Klrk1	0	2.93469035936161	0.812	0.053	0
Styk1	0	2.53180486063864	0.676	0.035	0
Klrd1	0	2.36101475274875	0.792	0.028	0
Hopx	0	1.96425426914444	0.855	0.065	0
Klre1	0	1.81246288590427	0.623	0.003	0
Klrb1c	0	1.77279927140128	0.618	0.008	0
Klrc2	0	1.65363274662259	0.729	0.006	0
Xcl1	0	1.58311997098931	0.734	0.028	0
Il18rap	0	1.37458531753603	0.807	0.005	0
Fgl2	0	1.356045028636	0.662	0.023	0
Zbtb16	0	1.30219557553913	0.58	0.011	0
Tbx21	0	1.14768275124173	0.749	0.043	0
Gzmb	0	1.12101487787089	0.483	0.006	0
Cxcr3	0	1.11262262977816	0.778	0.03	0
Gvin2	0	0.994704117042747	0.749	0.043	0
Gm4208	0	0.8452581669426	0.382	0	0
Klra1	0	0.82492379270565	0.367	0.002	0
Tjp1	0	0.630398306365469	0.444	0.007	0
Plek	0	0.519387700824866	0.531	0.016	0
Slc35f3	0	0.501482752307907	0.372	0.011	0
Klra6	0	0.4647986859957	0.338	0.004	0
Klrc3	0	0.442150223522941	0.406	0	0
Klra10	2.99338605686805e-300	0.488007594892994	0.391	0	5.98677211373609e-297
Itga1	1.76126605048906e-286	1.90253067285207	0.729	0.026	3.52253210097812e-283
Cd7	1.42185563941687e-277	1.71678446195641	0.816	0.08	2.84371127883374e-274
Clnk	1.01105421612869e-274	1.2611352529406	0.546	0.031	2.02210843225738e-271
Slamf7	9.09798063573814e-270	1.19286860062603	0.676	0.028	1.81959612714763e-266
Il2rb	3.1673879339274e-263	1.94096223774151	0.85	0.096	6.33477586785479e-260
Il18r1	3.85906910051076e-242	2.4205505320135	0.894	0.098	7.71813820102152e-239
Cst7	2.47082750607481e-238	0.87383749573737	0.686	0.037	4.94165501214962e-235
Serpina3g	1.40118295948881e-232	0.46154087218534	0.44	0.005	2.80236591897762e-229
Ccl5	1.74584690532525e-227	4.55462017421271	0.7	0.044	3.4916938106505e-224
Lrrk1	1.42016539003618e-224	0.662081930226788	0.618	0.05	2.84033078007236e-221
Nkg7	1.39146380196885e-223	2.98519059622523	0.899	0.125	2.7829276039377e-220
Samd3	7.90085501936636e-193	1.34770571583513	0.647	0.035	1.58017100387327e-189
Man1c1	8.88679328057281e-191	0.367420457332648	0.57	0.039	1.77735865611456e-187
ENSMUSG00000121360	2.85693761139307e-186	3.16417334464971	0.517	0.028	5.71387522278614e-183
Ncr1	9.76032441996626e-184	0.311007977966921	0.14	0.001	1.95206488399325e-180
Gprin3	7.48488678292682e-163	1.18565365781315	0.754	0.106	1.49697735658536e-159
Gm12185	3.2845989102039e-159	0.859964712461552	0.72	0.093	6.56919782040779e-156
Coro2a	1.02364311874339e-155	1.72850753199431	0.768	0.081	2.04728623748678e-152
Ahnak	1.51125214873298e-146	2.11121178951903	0.894	0.197	3.02250429746595e-143
Adam19	4.63823900714782e-146	1.14855732310658	0.667	0.06	9.27647801429565e-143
S100a6	8.50149162902658e-146	3.70890067422078	0.874	0.134	1.70029832580532e-142
Gm2682	2.81530249848868e-145	3.90615639622795	0.952	0.275	5.63060499697737e-142
H2-Q7	8.21184681279188e-141	2.20608757604338	0.928	0.224	1.64236936255838e-137
AW112010	4.89707389591982e-140	3.34542337456973	0.976	0.346	9.79414779183963e-137
Rgs1	5.36848964289213e-140	1.15034653502304	0.628	0.063	1.07369792857843e-136
Il7r	3.79540369051862e-139	2.9195805725207	0.942	0.195	7.59080738103724e-136
Trgc4	8.11326160685651e-138	0.566180212868331	0.585	0.053	1.6226523213713e-134
Hs3st3b1	2.68952452269495e-132	0.983448760169525	0.691	0.099	5.3790490453899e-129
Ctla2a	3.585085911006e-132	1.61573070839213	0.725	0.093	7.17017182201201e-129
Arsb	1.2320287848017e-126	1.57857137475944	0.696	0.075	2.46405756960339e-123
H2-K1	2.11277250169874e-126	3.08091492372777	1	0.379	4.22554500339748e-123
Ttc39b	3.07704728782604e-126	1.3848794992562	0.792	0.172	6.15409457565209e-123
Ly6c2	5.3490960018531e-123	3.38919435500163	0.744	0.138	1.06981920037062e-119
Ctsw	7.14525727396631e-123	1.85181385631158	0.879	0.21	1.42905145479326e-119
Ms4a4b	1.15346810936485e-119	2.9602421967015	0.966	0.353	2.30693621872969e-116
Id2	2.14337464126372e-118	2.59799227218427	0.928	0.282	4.28674928252745e-115
H2-D1	1.28895221154814e-116	2.53389338129507	0.99	0.568	2.57790442309628e-113
Ctss	1.98427647950754e-116	1.01860159285926	0.768	0.147	3.96855295901507e-113
Ifng	6.53168987656695e-116	0.517082293624638	0.396	0.001	1.30633797531339e-112
Ccnd2	9.54870662490051e-115	1.69431227158766	0.913	0.189	1.9097413249801e-111
Atp8b4	1.77492973041212e-112	1.99327712237889	0.855	0.228	3.54985946082424e-109
Gimap4	3.76679015184708e-112	1.8884425562613	0.913	0.293	7.53358030369417e-109
Gm41331	1.9691703961115e-111	0.668071774041612	0.715	0.143	3.938340792223e-108
Trgc2	2.31873665147958e-110	0.563101329137049	0.633	0.081	4.63747330295916e-107
Slfn1	1.84656115900004e-108	1.10796967919353	0.763	0.135	3.69312231800007e-105
S100a4	4.55605532807654e-108	2.22155454412616	0.652	0.078	9.11211065615308e-105
Chd7	1.54750544974905e-107	1.29881332106582	0.768	0.156	3.09501089949809e-104
Gimap3	1.86443181888865e-107	1.55967042407064	0.85	0.186	3.7288636377773e-104
Ly6a	1.22033583011552e-106	1.77111548051715	0.754	0.148	2.44067166023103e-103
Gm8369	8.45677390307916e-106	1.23237035275063	0.662	0.1	1.69135478061583e-102
Smad7	1.56675542069272e-105	1.19971083743496	0.783	0.173	3.13351084138543e-102
Capg	2.66637737258302e-105	1.40713061791245	0.758	0.158	5.33275474516603e-102
B2m	8.11856522446886e-104	2.14675769801093	0.981	0.704	1.62371304489377e-100
Shisa5	4.25341195759583e-95	1.93298404039884	0.971	0.518	8.50682391519166e-92
Rbpms	1.11159840948861e-92	0.853661091215222	0.56	0.068	2.22319681897722e-89
Rps18	3.3431811214969e-92	1.55946212257655	0.986	0.864	6.6863622429938e-89
F2rl1	1.78383058913766e-89	0.341980441474403	0.43	0.025	3.56766117827532e-86
Myo1f	6.18195869366371e-89	1.68586965669554	0.855	0.287	1.23639173873274e-85
Tmsb4x	7.4971045746289e-89	1.50103414408483	0.99	0.922	1.49942091492578e-85
Pde7a	5.5104804952285e-88	1.64335951464297	0.971	0.504	1.1020960990457e-84
Ust	2.42541140532135e-87	1.88926895119889	0.758	0.216	4.85082281064271e-84
Ccr6	2.57291436034767e-87	0.324306549265293	0.184	0.011	5.14582872069534e-84
Chn2	1.45555283814245e-86	2.95308691205636	0.758	0.182	2.9111056762849e-83
St8sia6	2.18606613542619e-86	0.602141494289211	0.57	0.096	4.37213227085238e-83
ENSMUSG00000121501	3.12549108415201e-86	1.24189357118633	0.826	0.262	6.25098216830401e-83
Rpl12	1.14104874097569e-85	1.46561670007132	0.976	0.886	2.28209748195138e-82
Pdgfb	1.25386898928348e-85	0.295911139209489	0.444	0.035	2.50773797856697e-82
Il4	7.52836174713468e-85	0.352961052294359	0.43	0.042	1.50567234942694e-81
Dapk2	1.50164551638447e-84	0.387240356983659	0.391	0.012	3.00329103276894e-81
Rpl13	2.27200059218438e-84	1.39662203105735	0.976	0.892	4.54400118436877e-81
AU020206	3.23998398587392e-84	1.97494297922583	0.894	0.383	6.47996797174784e-81
Ms4a6b	3.3852886915777e-84	1.68975715007387	0.923	0.396	6.7705773831554e-81
Inpp4b	2.08378510690155e-83	2.1579214257375	0.981	0.564	4.1675702138031e-80
9930111J21Rik2	4.98008977767421e-83	1.18572467483676	0.744	0.188	9.96017955534842e-80
Lncpint	3.88612247522006e-82	1.72110358524799	0.845	0.378	7.77224495044013e-79
Cd44	1.26504354511639e-81	1.46428356275175	0.826	0.268	2.53008709023279e-78
Rps5	1.42181299870546e-81	1.44623380647388	0.986	0.865	2.84362599741092e-78
Myo3b	1.72533410687201e-81	0.799291238684085	0.575	0.128	3.45066821374402e-78
Rpl39	1.3545085632419e-80	1.40127320393946	0.981	0.884	2.7090171264838e-77
Ifit3	2.19384862565342e-80	0.507730141491322	0.56	0.089	4.38769725130684e-77
Ifi27l2a	1.64176664680572e-79	2.18306210364883	0.874	0.384	3.28353329361145e-76
Rplp2	1.9988591550211e-79	1.2404008812386	0.986	0.886	3.9977183100422e-76
Ar	2.54259688703876e-79	1.20510469784163	0.671	0.152	5.08519377407752e-76
Rpsa	1.51630580736863e-78	1.42385621223475	0.99	0.87	3.03261161473726e-75
Gm41609	1.27129331673273e-76	0.271006543658025	0.527	0.122	2.54258663346546e-73
Ppp3cc	2.22804335245932e-76	1.31200315557507	0.831	0.294	4.45608670491865e-73
Rpl37	4.65527259666966e-76	1.18976221663579	0.976	0.849	9.31054519333932e-73
Lcp1	8.5023182614511e-76	1.4063137780948	0.966	0.578	1.70046365229022e-72
Cd53	3.00476279655234e-75	1.23697977456195	0.932	0.383	6.00952559310469e-72
Rps19	6.42366809129313e-75	1.34104975766002	0.981	0.878	1.28473361825863e-71
Klk8	2.09823316517784e-74	1.11165747936893	0.812	0.34	4.19646633035568e-71
Fgf13	6.73277727408612e-74	2.04458533227641	0.821	0.35	1.34655545481722e-70
Osbpl3	1.71478963918184e-73	1.1907195417321	0.758	0.299	3.42957927836369e-70
Klra9	3.03163023520428e-73	2.88245174862348	0.522	0.082	6.06326047040856e-70
Itgb7	1.15310280472419e-72	1.37792695237571	0.802	0.318	2.30620560944837e-69
S100a11	2.66453633163486e-72	1.55191599304169	0.889	0.447	5.32907266326973e-69
Ifi203	5.41303090832466e-72	1.46139240853907	0.903	0.454	1.08260618166493e-68
Cd40lg	1.48280835866382e-71	0.966280267612199	0.691	0.176	2.96561671732764e-68
Gng2	7.72777320197266e-71	1.2920090489086	0.831	0.312	1.54555464039453e-67
Sntb1	1.71618929108721e-70	1.46052055824599	0.638	0.132	3.43237858217441e-67
Rps12	1.02605554220243e-68	1.40743808911792	0.981	0.873	2.05211108440487e-65
Pvt1	1.85183762923178e-67	1.37939376987093	0.715	0.197	3.70367525846355e-64
Rps2	1.87419295738102e-67	1.34894524112624	0.976	0.834	3.74838591476204e-64
Rpl14	3.93098666142747e-67	1.21968314732483	0.976	0.827	7.86197332285494e-64
Ifi208	7.85733298612573e-67	0.851753063388254	0.768	0.29	1.57146659722515e-63
Klf2	1.41922815878412e-66	1.78636916347593	0.812	0.362	2.83845631756824e-63
Gm26740	3.25064376028947e-66	1.59974045764338	0.913	0.506	6.50128752057894e-63
Rpl32	7.70680960553058e-65	1.07492038749657	0.981	0.901	1.54136192110612e-61
Cxcr6	1.38937226815611e-64	2.1182197159296	0.734	0.264	2.77874453631222e-61
Rpl3	2.02724603953003e-64	1.29317110175665	0.986	0.78	4.05449207906006e-61
Rarg	3.00597061220045e-64	0.499387312896681	0.531	0.086	6.01194122440091e-61
Runx3	4.55125020697903e-64	1.40928700411766	0.773	0.277	9.10250041395806e-61
Srgn	5.27328784983872e-64	1.44109030426437	0.923	0.606	1.05465756996774e-60
Cd52	3.09811581845995e-63	1.4410460476341	0.966	0.803	6.19623163691991e-60
Rps28	5.47197969359579e-63	1.08321540895963	0.986	0.864	1.09439593871916e-59
St6galnac3	5.96100664345561e-63	1.46958825329113	0.836	0.389	1.19220132869112e-59
Eomes	7.46022127146833e-63	0.293809111614985	0.213	0.008	1.49204425429367e-59
Pced1b	5.69919765318669e-62	1.05585436916689	0.831	0.389	1.13983953063734e-58
Rasgef1b	1.25698949282411e-61	0.349204423050245	0.44	0.064	2.51397898564822e-58
Ly6d	2.62875345643381e-61	-2.81017641965565	0.135	0.68	5.25750691286762e-58
Gsap	2.72119244143272e-61	0.939192235880513	0.647	0.17	5.44238488286544e-58
Ltb	5.58509711766858e-61	1.50000971539017	0.952	0.6	1.11701942353372e-57
Rps8	1.81056119774852e-60	0.982457208934187	0.986	0.895	3.62112239549703e-57
Tmsb10	1.89707424702005e-60	1.23811058992296	0.99	0.827	3.7941484940401e-57
Itgae	2.89691268287554e-60	1.43252642614483	0.725	0.293	5.79382536575108e-57
Chsy1	3.44042119415951e-60	1.56676744820642	0.807	0.379	6.88084238831901e-57
Rpl36a	4.81760998517036e-60	1.2065157017737	0.957	0.799	9.63521997034072e-57
Tmem163	8.75618855453e-60	1.28018092896678	0.56	0.085	1.751237710906e-56
Rps6	1.43473743438869e-59	1.06431037052806	0.986	0.837	2.86947486877738e-56
Ripor2	2.45581537650658e-59	1.3435416781955	0.971	0.668	4.91163075301315e-56
Entpd1	2.75444890365615e-59	0.739907256297516	0.517	0.063	5.5088978073123e-56
Tagap	9.53523211544664e-59	0.499145365827692	0.531	0.078	1.90704642308933e-55
Bcl2a1b	1.9817285640432e-58	1.04131070824981	0.623	0.104	3.96345712808639e-55
Apobec3	2.5917510084957e-57	1.10736829479711	0.908	0.503	5.1835020169914e-54
Mndal	1.38642935709126e-56	1.27498836504011	0.932	0.554	2.77285871418253e-53
Rpl22	1.55860990244175e-56	0.970941302522288	0.981	0.86	3.11721980488349e-53
Rps20	1.61813254329892e-56	1.04771191207841	0.986	0.883	3.23626508659784e-53
Rps4x	4.023216594946e-56	1.02214623487067	0.976	0.879	8.046433189892e-53
Eef1b2	4.02951138283373e-56	1.11558205963101	0.976	0.809	8.05902276566747e-53
Stat4	7.10560739393246e-56	1.20436829824767	0.894	0.492	1.42112147878649e-52
Parp8	9.7049896285587e-56	1.27937371335404	0.831	0.403	1.94099792571174e-52
Pik3cd	2.06024350605687e-55	1.0880325570014	0.865	0.445	4.12048701211373e-52
H2ac6	2.12910997778267e-55	-0.501334320171924	0.106	0.532	4.25821995556533e-52
Dennd4a	2.52711200409997e-55	1.65562279191795	0.821	0.45	5.05422400819993e-52
Ppp3ca	7.20034445224479e-55	1.21606119819754	0.889	0.46	1.44006889044896e-51
Rpl10	1.35316246387207e-54	1.05176862441306	0.971	0.847	2.70632492774414e-51
Hmgb1	3.78557773989818e-54	-1.70433134169748	0.957	0.954	7.57115547979635e-51
Rps27a	4.95869619248638e-54	0.87359831527948	0.995	0.886	9.91739238497277e-51
Sidt1	1.46121247909086e-53	2.13878929418622	0.739	0.322	2.92242495818171e-50
Rpl22l1	1.55577986392125e-53	1.21707753168863	0.952	0.676	3.11155972784249e-50
Ms4a6c	2.30294789454466e-53	0.666018039135183	0.614	0.212	4.60589578908931e-50
H2bc4	7.48020417593519e-53	-0.533956444022631	0.092	0.529	1.49604083518704e-49
Myo1e	1.35122764191674e-52	0.635504204129387	0.517	0.103	2.70245528383348e-49
Junb	2.85076474519817e-51	1.18302134938581	0.836	0.427	5.70152949039634e-48
Hip1	1.04227805935837e-50	1.06623230556017	0.662	0.271	2.08455611871674e-47
Iigp1	3.11743875655128e-50	0.535829255244352	0.522	0.119	6.23487751310256e-47
BE692007	3.95089703731446e-50	1.36032439003423	0.628	0.18	7.90179407462893e-47
Dse	1.71342113852501e-49	0.590912019377112	0.478	0.042	3.42684227705002e-46
Sytl2	5.08642253552622e-49	1.13050141159342	0.71	0.3	1.01728450710524e-45
Arhgap26	1.04749615716476e-47	1.09056593255232	0.836	0.491	2.09499231432953e-44
Icos	1.08717179074398e-47	1.49406003643863	0.763	0.339	2.17434358148796e-44
Rpl41	3.28449464547011e-47	0.859647086861947	0.99	0.882	6.56898929094022e-44
Ubash3b	6.34692458094485e-47	0.913988803127133	0.705	0.334	1.26938491618897e-43
Ipcef1	1.76879518243729e-46	1.09601257950148	0.865	0.459	3.53759036487459e-43
Parp14	2.45226610203731e-46	0.740495042587578	0.797	0.399	4.90453220407462e-43
Retreg1	3.22090310532921e-46	0.773543989524495	0.792	0.39	6.44180621065841e-43
Zeb2	5.5334924182793e-46	0.361745211557874	0.56	0.198	1.10669848365586e-42
Abtb3	3.52459262208885e-45	1.12602102883673	0.763	0.386	7.04918524417769e-42
Cd226	5.35575492335131e-45	1.14724110025617	0.778	0.359	1.07115098467026e-41
H2bc8	7.25168902158311e-45	-0.264040696299071	0.072	0.416	1.45033780431662e-41
Spry2	3.54867216663844e-44	0.407056842061572	0.43	0.129	7.09734433327687e-41
Nr3c2	3.92738865776958e-44	0.433114432283656	0.444	0.074	7.85477731553916e-41
Lef1	4.01482253890262e-44	-2.02943944887451	0.7	0.887	8.02964507780523e-41
Bcl2	8.31209195883348e-44	1.15487633721943	0.845	0.47	1.6624183917667e-40
Tent5a	1.6677366630317e-43	0.93541019091101	0.531	0.062	3.3354733260634e-40
Stat1	3.72605704065465e-43	0.986193056841185	0.894	0.55	7.45211408130931e-40
Add3	3.83846656349829e-43	0.922004844011774	0.831	0.474	7.67693312699657e-40
Niban1	2.56591420434319e-42	1.09038034397836	0.594	0.151	5.13182840868638e-39
Nme2	4.24772264600566e-42	0.889316315832633	0.952	0.584	8.49544529201131e-39
Arid5b	8.03353567080835e-42	1.18117581901855	0.787	0.429	1.60670713416167e-38
Vim	8.25714594281946e-42	1.11552688047016	0.836	0.518	1.65142918856389e-38
Mctp2	1.21930764308688e-41	0.931919166145896	0.797	0.429	2.43861528617376e-38
Malt1	2.13122331091931e-41	0.867049742699852	0.821	0.481	4.26244662183863e-38
Rpl10a	2.17485300444586e-41	0.834727188259091	0.981	0.846	4.34970600889171e-38
Cblb	2.20403491792289e-41	0.899926253395289	0.908	0.576	4.40806983584579e-38
Map2	2.3867670584603e-41	0.416997389111601	0.406	0.051	4.7735341169206e-38
Naip2	3.45699725627379e-41	0.313773372043285	0.415	0.047	6.91399451254757e-38
St3gal6	3.61816794200679e-41	1.4097182045489	0.7	0.352	7.23633588401358e-38
Cenpe	6.25916337315247e-41	-0.715795825569769	0.101	0.475	1.25183267463049e-37
Bhlhe40	7.53758765314984e-41	0.329350749093106	0.372	0.02	1.50751753062997e-37
Cobll1	7.69403174249519e-41	0.43200680636332	0.507	0.092	1.53880634849904e-37
Kcnq5	3.43966435196253e-40	1.27291184394491	0.787	0.391	6.87932870392505e-37
Tagln2	4.51802991899215e-40	1.07636461588193	0.739	0.399	9.0360598379843e-37
Plekhm3	5.16738049700304e-40	0.629239654584318	0.647	0.281	1.03347609940061e-36
Ezh2	7.23169519435046e-40	-1.50284831254211	0.362	0.728	1.44633903887009e-36
Rpl23a	1.42240720612887e-39	0.812207828714059	0.957	0.856	2.84481441225774e-36
Cebpb	2.14852950972164e-39	0.420192229148776	0.585	0.247	4.29705901944328e-36
Cdca8	4.09556520617877e-39	-0.642067550384392	0.039	0.325	8.19113041235755e-36
H2bc18	5.10992102288181e-39	-0.38263595186822	0.072	0.412	1.02198420457636e-35
Pik3ap1	1.26489254406179e-38	0.521264798932259	0.435	0.056	2.52978508812358e-35
Rps25	1.50573019932622e-38	0.731048588912736	0.971	0.851	3.01146039865243e-35
Emp3	4.66953444636125e-38	1.0017750699315	0.874	0.53	9.33906889272251e-35
Rexo2	1.02166628661825e-37	0.622106216696301	0.734	0.388	2.04333257323651e-34
Bcl2a1d	1.13933534934245e-37	0.707729187737779	0.551	0.135	2.27867069868489e-34
Samsn1	1.94457860140604e-37	0.851886489496666	0.749	0.377	3.88915720281208e-34
Ddx60	1.99836183371095e-37	0.478553056624991	0.638	0.346	3.9967236674219e-34
Arhgap5	3.71783480752664e-37	0.874536367203287	0.657	0.357	7.43566961505328e-34
Serpini1	2.30172024353319e-36	0.387469535623272	0.589	0.276	4.60344048706637e-33
Rpl4	3.01528076480845e-36	0.780595847963318	0.976	0.807	6.0305615296169e-33
Gramd1b	4.76151281879605e-36	0.65064446595842	0.787	0.421	9.5230256375921e-33
Rpl35	6.49561034525984e-36	0.772828802133293	0.971	0.818	1.29912206905197e-32
Chd3	8.16187674853569e-36	0.638843192076628	0.821	0.49	1.63237534970714e-32
Gm10076	1.29481034027698e-35	0.855033004646396	0.928	0.682	2.58962068055396e-32
Ccnf	1.71055868871431e-35	-0.272770919715692	0.043	0.304	3.42111737742862e-32
Samhd1	4.80845452877558e-35	1.1718453830666	0.647	0.247	9.61690905755115e-32
Kctd12	6.29361876327794e-35	0.253675378986929	0.556	0.225	1.25872375265559e-31
Stmn1	8.14706240795793e-35	-2.15629906396381	0.304	0.666	1.62941248159159e-31
Pbx3	4.29006214455928e-34	0.681033516511389	0.58	0.295	8.58012428911857e-31
Scmh1	1.11928092995699e-33	-1.00156486764065	0.184	0.566	2.23856185991398e-30
Ifitm2	1.22773798388724e-33	0.755459635880903	0.435	0.068	2.45547596777448e-30
Rpl29	1.34287478244408e-33	0.704060722343851	0.966	0.866	2.68574956488816e-30
Bola2	4.34128736161124e-33	0.792168218737419	0.705	0.366	8.68257472322249e-30
Eef1g	5.41453942400609e-33	0.814144510076335	0.913	0.676	1.08290788480122e-29
Cd2	5.60314855523668e-33	0.5968898135947	0.908	0.53	1.12062971104734e-29
2600014E21Rik	6.19368411214267e-33	0.389789160646787	0.106	0.011	1.23873682242853e-29
Notch3	1.08252096205188e-32	-0.305566482149631	0.063	0.414	2.16504192410376e-29
Hspa5	3.59317468524967e-32	0.748338469594818	0.87	0.566	7.18634937049933e-29
Ptms	3.73219052017004e-32	-1.27091151451654	0.329	0.679	7.46438104034008e-29
H3c6	4.49446175318082e-32	-0.379412860944091	0.169	0.502	8.98892350636165e-29
Cd274	1.89563377729581e-31	0.415420392792359	0.647	0.368	3.79126755459163e-28
Klf12	5.9880474309031e-31	0.746986926052244	0.473	0.146	1.19760948618062e-27
Hint1	8.15551587890082e-31	0.703143574268646	0.874	0.524	1.63110317578016e-27
Trpm6	8.99640468011807e-31	0.461047154001951	0.343	0.009	1.79928093602361e-27
Slc7a11	2.28252596692447e-30	-1.43009952780527	0.174	0.531	4.56505193384893e-27
H2bc6	5.77538870335826e-30	-0.682253086425605	0.193	0.539	1.15507774067165e-26
Slc9a7	2.60882241685809e-29	0.807326922957055	0.604	0.34	5.21764483371619e-26
Ifi30	3.34469055490257e-29	0.39822112162374	0.541	0.192	6.68938110980515e-26
Tubb2a	4.51206273738575e-29	-0.85797391017567	0.213	0.547	9.02412547477149e-26
Ccdc88a	7.34692171688878e-29	-0.774553285236389	0.077	0.462	1.46938434337776e-25
Ccna2	8.52362124158948e-29	-0.444363403038799	0.034	0.321	1.7047242483179e-25
Crip1	1.55968577413117e-28	0.756126427227987	0.903	0.619	3.11937154826234e-25
Arhgap11a	2.56383270262625e-28	-0.292863939538109	0.097	0.397	5.12766540525251e-25
Nt5e	3.02880315164476e-28	0.964360450613028	0.493	0.088	6.05760630328952e-25
Ybx3	3.42535716403346e-28	0.714442991457518	0.643	0.374	6.85071432806692e-25
Phlpp1	3.6788382424851e-28	0.609457567212386	0.628	0.353	7.3576764849702e-25
Izumo1r	6.8429874292724e-28	0.51066495822704	0.512	0.165	1.36859748585448e-24
Zfp704	9.80875369770144e-28	-0.674904249381204	0.155	0.464	1.96175073954029e-24
H3c11	1.25471045900311e-27	-0.395550447988001	0.193	0.465	2.50942091800622e-24
Gm20275	9.03748430877356e-27	0.851226833219335	0.609	0.308	1.80749686175471e-23
Prkce	1.15473844086965e-26	0.898445858109318	0.623	0.337	2.3094768817393e-23
H3c7	1.83179422302283e-26	-0.313102355682933	0.106	0.419	3.66358844604566e-23
Pdcd1	1.99550526822786e-26	0.399537400107388	0.488	0.151	3.99101053645573e-23
Gpr174	2.34824754220045e-26	0.690590324561064	0.7	0.421	4.69649508440091e-23
Nlrc5	2.37705856847155e-26	1.03340507785095	0.676	0.396	4.75411713694309e-23
Pde3b	2.64540171760894e-26	1.02795033509126	0.797	0.565	5.29080343521787e-23
Prc1	2.81035101716623e-26	-0.760654647076388	0.063	0.402	5.62070203433246e-23
Kif4	3.00343690788339e-26	-0.417406744423249	0.063	0.261	6.00687381576679e-23
Dtl	4.09300817845585e-26	-0.313746654298318	0.101	0.403	8.18601635691171e-23
Fam111a	6.54821313166229e-26	0.338235768376919	0.604	0.289	1.30964262633246e-22
Vav3	8.61841519376551e-26	0.82391859223886	0.744	0.462	1.7236830387531e-22
Trbc1	8.81971835407718e-26	-2.01548891246566	0.647	0.816	1.76394367081544e-22
Gm49180	9.04467988239906e-26	0.299960723161786	0.159	0.027	1.80893597647981e-22
Rplp0	3.86393913770096e-25	0.586966833648415	0.981	0.884	7.72787827540192e-22
Lmnb1	5.27405502408977e-25	-1.13163961209836	0.319	0.622	1.05481100481795e-21
Trim30d	7.16444521105644e-25	0.444637831992959	0.527	0.222	1.43288904221129e-21
H2ac8	9.61348294512617e-25	-1.88256495765405	0.256	0.54	1.92269658902523e-21
Ube2t	1.29147695952419e-24	-0.300096989640786	0.072	0.39	2.58295391904837e-21
Prickle1	1.46180993739104e-24	-0.83947332029734	0.126	0.46	2.92361987478208e-21
Gm11290	9.44824948750504e-24	0.509644099773536	0.618	0.349	1.88964989750101e-20
Calr	1.11433748257318e-23	0.613270851578309	0.874	0.582	2.22867496514635e-20
H2-Eb1	1.11882690335884e-23	-0.376973668109954	0.309	0.088	2.23765380671767e-20
Morrbid	2.13949340675347e-23	0.523185592600861	0.527	0.259	4.27898681350694e-20
Rps26	6.72375616778273e-23	0.539092325428169	0.971	0.875	1.34475123355655e-19
Gas7	6.79352366456817e-23	0.277703760097459	0.145	0.004	1.35870473291363e-19
Cdca7	1.54862449935525e-22	-1.15548065063017	0.261	0.557	3.0972489987105e-19
Rtp4	2.00596735334894e-22	0.355811114702691	0.609	0.389	4.01193470669787e-19
Ncapd2	7.27126398232663e-22	-0.517672281709375	0.145	0.445	1.45425279646533e-18
Hspe1	7.97052375422478e-22	0.526265030049706	0.894	0.618	1.59410475084496e-18
Irf1	8.24832336815917e-22	0.695481167904411	0.647	0.392	1.64966467363183e-18
Fabp5	9.63644061274214e-22	-0.356818094934517	0.116	0.385	1.92728812254843e-18
Nfkb1	1.02829487654135e-21	0.524515880902056	0.783	0.511	2.0565897530827e-18
Ctsd	1.20490329614545e-21	0.660562948598666	0.797	0.562	2.40980659229089e-18
Tasl	1.80542010308585e-21	0.275369202624326	0.391	0.069	3.6108402061717e-18
Tacc2	1.83571111238957e-21	-0.254105718060889	0.164	0.399	3.67142222477915e-18
Txn1	6.01068649559091e-21	-1.09484214095828	0.763	0.804	1.20213729911818e-17
Dgkh	9.20798324293968e-21	0.94664030219646	0.556	0.273	1.84159664858794e-17
Ctsc	9.41357374801207e-21	0.408936161125588	0.676	0.409	1.88271474960241e-17
Il12rb2	1.9974738494421e-20	0.942863003397992	0.575	0.325	3.9949476988842e-17
Large1	2.78221116190646e-20	-0.296777379573311	0.111	0.352	5.56442232381292e-17
Birc5	3.04161079443588e-20	-0.870733959084068	0.053	0.369	6.08322158887176e-17
Bst2	5.97936099156584e-20	0.377208267388355	0.763	0.53	1.19587219831317e-16
Btla	8.26567601526729e-20	0.62373690773	0.551	0.172	1.65313520305346e-16
Sgms1	1.51954081017789e-19	0.648911917578088	0.633	0.394	3.03908162035579e-16
Atp5e	1.80417512815908e-19	0.566874880123474	0.952	0.789	3.60835025631817e-16
Npm1	2.23075384469756e-19	0.518634189810906	0.961	0.838	4.46150768939511e-16
Hsp90b1	5.30777233685135e-19	0.619387589319178	0.831	0.636	1.06155446737027e-15
Rnaseh2b	8.24643478756062e-19	-0.254692763570213	0.198	0.448	1.64928695751212e-15
Ifi206	1.03381960039887e-18	0.694725530275023	0.58	0.276	2.06763920079775e-15
Mdfic	1.1199873052812e-18	0.985222297338214	0.541	0.317	2.23997461056239e-15
H2az2	1.19531399820796e-18	-1.15390450153378	0.652	0.753	2.39062799641592e-15
Clspn	1.28190834410421e-18	-0.366917105988379	0.063	0.369	2.56381668820842e-15
E2f2	1.56704551402088e-18	-0.938220394629033	0.251	0.51	3.13409102804176e-15
Srgap3	1.65116421004872e-18	0.678934370996777	0.483	0.223	3.30232842009745e-15
Gm56906	1.86364380650052e-18	0.620502780990486	0.594	0.338	3.72728761300105e-15
Gpr183	1.88422113940248e-18	0.888667697899765	0.57	0.3	3.76844227880497e-15
Tubb2b	2.24835990613128e-18	-1.03290614861846	0.184	0.464	4.49671981226256e-15
Gnl3	2.29035517280031e-18	0.40637987928579	0.604	0.326	4.58071034560062e-15
Slc41a2	3.32393802889318e-18	0.281769026564884	0.295	0.017	6.64787605778636e-15
H4c3	3.389190569716e-18	-0.317046760735273	0.174	0.405	6.778381139432e-15
4933406I18Rik	5.11040446732861e-18	0.896474806653084	0.643	0.411	1.02208089346572e-14
Trim30a	7.68082423911535e-18	0.59926731951438	0.671	0.432	1.53616484782307e-14
Klrc1	1.00953779274773e-17	0.893320180960069	0.324	0.003	2.01907558549547e-14
Cd160	1.06003522124575e-17	0.591811689401045	0.488	0.228	2.12007044249149e-14
Ccnb1	1.94131117571907e-17	-0.355222350442429	0.179	0.334	3.88262235143815e-14
Nrn1	3.45667100543061e-17	0.335888256064715	0.184	0.044	6.91334201086123e-14
1700025G04Rik	4.16981816344192e-17	0.794191566097377	0.643	0.445	8.33963632688384e-14
Rel	4.65335012894706e-17	0.380845275228139	0.623	0.363	9.30670025789412e-14
Itgb8	4.81834914403634e-17	0.406496145104271	0.174	0.043	9.63669828807268e-14
Glipr2	7.01576714213168e-17	0.5914316328104	0.556	0.358	1.40315342842634e-13
Setbp1	8.62194599118e-17	0.54491575948894	0.193	0.044	1.724389198236e-13
Ly6e	1.03738353774113e-16	0.463529023182065	0.986	0.815	2.07476707548227e-13
Ptprj	1.0994737526977e-16	0.411609604986242	0.594	0.39	2.1989475053954e-13
Ifitm3	1.54870647419648e-16	0.482573612140523	0.188	0.241	3.09741294839296e-13
Serpinb9	1.6347066060402e-16	0.466427609566862	0.517	0.301	3.26941321208041e-13
Ptges3	2.77356823757755e-16	0.411108993373013	0.807	0.539	5.5471364751551e-13
Lgals3bp	8.24065902542975e-16	0.259588528084139	0.546	0.341	1.64813180508595e-12
Rundc3b	1.07471768093282e-15	0.571279673701937	0.585	0.387	2.14943536186564e-12
Gzmk	1.3383778717743e-15	0.341885111554362	0.227	0.017	2.67675574354861e-12
Spats2	2.4848070761713e-15	-0.309752399200503	0.155	0.382	4.96961415234261e-12
Spc25	2.49566644124689e-15	-0.351684594387421	0.082	0.242	4.99133288249379e-12
Tnfrsf4	2.95155831083991e-15	0.899645359219223	0.266	0.104	5.90311662167981e-12
H1f3	4.66546685372348e-15	-1.04307580513211	0.362	0.555	9.33093370744696e-12
Cox8a	5.72747864588083e-15	0.486188836542933	0.923	0.771	1.14549572917617e-11
Pclaf	1.05114337461118e-14	-1.10665570695084	0.164	0.383	2.10228674922235e-11
Kpna2	1.08678231498776e-14	-0.253259199166378	0.188	0.372	2.17356462997553e-11
Ighg2c	1.7441359911394e-14	-0.277650338241624	0.097	0.117	3.48827198227879e-11
Uqcc2	1.9903182076383e-14	0.300631793536711	0.686	0.46	3.9806364152766e-11
Siva1	2.19689035576738e-14	-0.336981739610232	0.193	0.414	4.39378071153476e-11
Runx2	2.28386856355205e-14	0.878111826238817	0.57	0.4	4.5677371271041e-11
A330040F15Rik	3.36668538483548e-14	0.256895918297858	0.498	0.294	6.73337076967096e-11
Fkbp3	3.47401099513995e-14	0.443043755193739	0.778	0.556	6.9480219902799e-11
Rasa3	3.49563128928879e-14	0.649795038793447	0.604	0.383	6.99126257857759e-11
Apoe	3.70160055877175e-14	-0.79117492039767	0.164	0.355	7.4032011175435e-11
Ppm1e	3.72647058192061e-14	-0.799782104655352	0.179	0.409	7.45294116384122e-11
Fkbp5	4.27616598859287e-14	-0.929235647335007	0.444	0.632	8.55233197718574e-11
Rpl15	5.0584506028397e-14	0.399243008160526	0.957	0.873	1.01169012056794e-10
Pdcd1lg2	6.11553767360785e-14	0.378284689985826	0.444	0.157	1.22310753472157e-10
Tpi1	7.58781840610966e-14	0.263113884532349	0.56	0.342	1.51756368122193e-10
Ifi209	9.26868658915434e-14	0.52250822931651	0.667	0.424	1.85373731783087e-10
Alms1	9.63194977099211e-14	-0.382287450702466	0.222	0.428	1.92638995419842e-10
Ly75	1.14577492571814e-13	0.356487346579703	0.536	0.361	2.29154985143628e-10
Nrp1	2.20263719140408e-13	0.832045307062255	0.585	0.381	4.40527438280816e-10
Rpl7a	2.50562226001522e-13	0.397695694671362	0.966	0.845	5.01124452003044e-10
Dusp2	2.51697668301668e-13	0.577467875224199	0.686	0.468	5.03395336603336e-10
Id3	2.55534618650156e-13	-0.921161648011809	0.314	0.536	5.11069237300313e-10
Anln	2.64716133698078e-13	-0.29990416919	0.019	0.248	5.29432267396156e-10
Atp5g2	2.78770510352101e-13	0.400875497173642	0.903	0.671	5.57541020704202e-10
H2ac4	4.06779018823919e-13	-1.24963102201698	0.179	0.389	8.13558037647838e-10
Hsp90ab1	4.73629647906553e-13	0.386431547312908	0.986	0.859	9.47259295813107e-10
H1f1	4.885052498747e-13	-0.881806186243438	0.314	0.461	9.77010499749400e-10
Trps1	5.05589881590089e-13	0.562827134743762	0.628	0.412	1.01117976318018e-09
AI506816	7.48143503912428e-13	0.506454540944231	0.551	0.364	1.49628700782486e-09
Bach2	7.64791007724599e-13	-0.299980161955743	0.715	0.435	1.5295820154492e-09
Psmb9	8.95246549845398e-13	0.514613268741328	0.715	0.534	1.7904930996908e-09
Tacc3	9.79678166588804e-13	-0.304516288607528	0.164	0.334	1.95935633317761e-09
Gm42047	1.07493160150167e-12	-0.517058692159452	0.169	0.379	2.14986320300334e-09
Itsn1	1.20411303910883e-12	0.267910312860259	0.43	0.224	2.40822607821766e-09
Maf	1.60821563679879e-12	1.00430460979325	0.493	0.211	3.21643127359757e-09
Mif	2.26081076195888e-12	0.304038703888459	0.812	0.6	4.52162152391776e-09
Arhgap18	2.31749042642747e-12	0.561784735867344	0.546	0.351	4.63498085285493e-09
Fdps	2.73054008605132e-12	-0.283092861844614	0.193	0.408	5.46108017210264e-09
H4c9	2.93461209941807e-12	-0.277921288189962	0.295	0.435	5.86922419883614e-09
Wdr76	3.76701141864376e-12	-0.31045825182928	0.227	0.417	7.53402283728753e-09
Ccdc18	3.81653887287027e-12	-0.306407801994687	0.121	0.362	7.63307774574054e-09
Incenp	3.87062019150052e-12	-0.456860589511967	0.227	0.419	7.74124038300103e-09
Mdm1	5.78898822691536e-12	-0.270732709830249	0.092	0.331	1.15779764538307e-08
Blm	5.82054804575508e-12	-0.335066202088116	0.116	0.344	1.16410960915102e-08
Gm41335	1.18150474167028e-11	-0.540064635396009	0.034	0.243	2.36300948334056e-08
Srsf3	1.24681436868112e-11	-0.627864505176128	0.884	0.856	2.49362873736223e-08
Adam12	1.58107415052129e-11	-1.44151257839455	0.179	0.381	3.16214830104259e-08
Rrm1	2.06466142768871e-11	-0.347816364022659	0.164	0.372	4.12932285537742e-08
Ifi213	2.21554398420378e-11	0.735994942898683	0.488	0.162	4.43108796840755e-08
Trdc	2.92276112114396e-11	-0.315118803837644	0.179	0.393	5.84552224228793e-08
Ube2c	3.82371446037278e-11	-1.21036331706879	0.159	0.345	7.64742892074556e-08
Nop10	3.94921618635611e-11	0.296381582076768	0.841	0.586	7.89843237271221e-08
Pdia4	4.8219035661969e-11	0.357928052385288	0.57	0.386	9.64380713239381e-08
Ighm	5.29678532895124e-11	-1.32217485652662	0.507	0.684	1.05935706579025e-07
Rab43	6.23622087005402e-11	0.414713582593739	0.556	0.359	1.2472441740108e-07
Slc7a1	6.28790617558753e-11	0.354348307925516	0.536	0.341	1.25758123511751e-07
Set	8.76128976639082e-11	0.284342143335314	0.947	0.713	1.75225795327817e-07
Ctdspl	9.57388779656157e-11	-0.271581602990262	0.072	0.387	1.91477755931231e-07
Ncf4	1.01097317135175e-10	0.435964064928677	0.396	0.065	2.02194634270349e-07
Tox	1.14912054515636e-10	-1.27221453330632	0.647	0.82	2.29824109031272e-07
H2bc14	1.24103942901941e-10	-0.271781037775558	0.039	0.312	2.48207885803882e-07
Aspm	1.29161152639622e-10	-0.299168704660868	0.039	0.222	2.58322305279244e-07
H1f5	1.8421155452535e-10	-2.67693453164372	0.425	0.565	3.684231090507e-07
Cdkn2d	2.00107804177603e-10	-0.830277124969273	0.44	0.564	4.00215608355206e-07
H2bc15	2.26779012122142e-10	-0.477852760866988	0.324	0.449	4.53558024244285e-07
Gem	2.35108280204556e-10	0.584103399327637	0.43	0.137	4.70216560409111e-07
Nhp2	3.24773506988846e-10	0.336640365030314	0.585	0.408	6.49547013977693e-07
Tbc1d5	4.20406543996156e-10	0.369896531229596	0.652	0.48	8.40813087992312e-07
Polr2f	4.27641282630857e-10	0.319337352412831	0.647	0.458	8.55282565261713e-07
Hnrnpab	4.92655433085512e-10	-0.718694734509299	0.749	0.743	9.85310866171025e-07
Ncapd3	5.26317305237186e-10	-0.489855918745593	0.348	0.543	1.05263461047437e-06
Lyz2	7.2259697512947e-10	-0.322814802842609	0.174	0.072	1.44519395025894e-06
Snx9	8.66327163952655e-10	0.27809000398299	0.198	0.228	1.73265432790531e-06
Zfp36l1	1.04511678097796e-09	0.556829276043816	0.758	0.586	2.09023356195591e-06
Ctcf	1.2606837768624e-09	-0.757356174276063	0.744	0.742	2.52136755372481e-06
Fmnl2	1.77111069241136e-09	-0.828935887983333	0.169	0.375	3.54222138482272e-06
Ccr2	1.85986273692563e-09	0.559633489177781	0.213	0.048	3.71972547385125e-06
Knstrn	1.89284885714174e-09	-0.310783503844408	0.198	0.344	3.78569771428349e-06
Hspa8	2.21874916857107e-09	0.279545516072886	0.961	0.842	4.43749833714214e-06
Tyms	3.12897180535532e-09	-0.49182035168776	0.213	0.397	6.25794361071064e-06
Rrm2	3.87512113053917e-09	-0.737515081280847	0.077	0.374	7.75024226107834e-06
Kif11	3.98131350437222e-09	-0.798646283941723	0.043	0.36	7.96262700874444e-06
Cdk1	4.56167793006345e-09	-0.490911693441548	0.188	0.249	9.12335586012691e-06
Ssr4	4.69112474573459e-09	0.303625659106898	0.768	0.569	9.38224949146917e-06
Ska2	4.80676929562744e-09	-0.393009559498521	0.227	0.419	9.61353859125488e-06
Snrpg	4.9623212486026e-09	0.273034603432144	0.928	0.757	9.92464249720519e-06
Kif22	5.19845753702203e-09	-0.354043229740241	0.266	0.41	1.03969150740441e-05
H2ac22	5.57914722083129e-09	-0.944575546379603	0.188	0.419	1.11582944416626e-05
Ccr5	5.60924771043272e-09	0.370140118957756	0.333	0.076	1.12184954208654e-05
Angpt1	5.79450935581274e-09	-0.776405580731754	0.193	0.357	1.15890187116255e-05
Ccnb2	1.30132917294842e-08	-0.642188145532227	0.043	0.305	2.60265834589684e-05
Mns1	1.40874300825493e-08	-1.20294679544147	0.551	0.591	2.81748601650987e-05
Fbxo5	1.64388901108982e-08	-0.46934230321533	0.203	0.365	3.28777802217964e-05
Phgdh	1.83822463575374e-08	-0.250966496358505	0.348	0.5	3.67644927150748e-05
Farp1	2.62017077731956e-08	0.495820229772968	0.44	0.215	5.24034155463912e-05
H2bc11	2.68472011972465e-08	-0.400754342026653	0.198	0.354	5.36944023944929e-05
Anxa1	2.86793087987808e-08	0.425699711478597	0.246	0.024	5.73586175975615e-05
Trim59	3.07349022131172e-08	-0.459047986352309	0.222	0.42	6.14698044262344e-05
Ncapg	3.1201894500647e-08	-0.25291509997835	0.024	0.289	6.2403789001294e-05
Pde7b	3.90455084925768e-08	0.403596030035516	0.174	0.095	7.80910169851536e-05
Dbi	4.29258302381329e-08	-0.526463403649564	0.454	0.568	8.58516604762657e-05
Rad21	4.34283503209755e-08	-0.636483859953404	0.541	0.648	8.6856700641951e-05
Neil3	5.1772544100934e-08	-0.507343591402239	0.063	0.311	0.000103545088201868
Ppp1r14b	7.17473638486121e-08	-0.710470753168652	0.71	0.713	0.000143494727697224
Rnf213	7.62435004893703e-08	0.518411184227691	0.604	0.455	0.000152487000978741
Bub1	9.13774173613305e-08	-0.256623817980348	0.014	0.189	0.000182754834722661
Atpif1	1.06359045863528e-07	-0.802164325341811	0.575	0.629	0.000212718091727056
B630019A10Rik	1.12469464683223e-07	-0.404895815207391	0.266	0.331	0.000224938929366447
Gmnn	1.53984159124148e-07	-0.3556097381113	0.271	0.409	0.000307968318248296
Rpl31	1.6137471394929e-07	0.280345983450796	0.942	0.833	0.00032274942789858
Arhgap24	1.72601875654886e-07	-0.797042404501535	0.271	0.429	0.000345203751309773
Spc24	1.85077177479724e-07	-0.486712911564129	0.179	0.324	0.000370154354959449
Cdh1	1.86290447844796e-07	0.5379591085653	0.386	0.12	0.000372580895689592
Ncapg2	2.54502113847836e-07	-0.321624638485602	0.478	0.287	0.000509004227695673
Wnt5b	3.4224693725796e-07	-0.259771455388679	0.101	0.266	0.000684493874515921
Dscam	3.49231142727327e-07	0.581309050993618	0.203	0.011	0.000698462285454653
Eea1	4.44133793300829e-07	0.814462253006065	0.42	0.23	0.000888267586601659
Tnfsf8	4.47599540206561e-07	1.01895759772976	0.425	0.186	0.000895199080413121
Ctnna1	4.61036271617445e-07	0.350222736884051	0.464	0.33	0.00092207254323489
Mrpl18	4.62962308450772e-07	-0.441327189439622	0.493	0.596	0.000925924616901545
Zc3h12b	4.85347675786798e-07	-1.29603033119055	0.459	0.537	0.000970695351573596
H4c8	5.9343444838601e-07	-0.616216193172373	0.271	0.433	0.00118686889677202
Chst11	6.82941683636286e-07	0.424985820198143	0.469	0.343	0.00136588336727257
A430093F15Rik	7.75261925451776e-07	0.276723977523046	0.536	0.379	0.00155052385090355
Klri2	8.47436155987873e-07	0.59356278709957	0.174	0	0.00169487231197575
Alcam	8.57516578491203e-07	0.626425245117521	0.217	0.229	0.00171503315698241
Lgals1	8.81451924469896e-07	0.380620347082594	0.749	0.631	0.00176290384893979
Gfra1	9.03551400656375e-07	-0.326861842540119	0.058	0.359	0.00180710280131275
Hnrnpa3	1.02651903720279e-06	-0.422718368611696	0.957	0.896	0.00205303807440557
Psap	1.37542778724391e-06	-0.655351341632634	0.633	0.678	0.00275085557448782
Mast2	1.46906244048868e-06	-0.388770185880923	0.319	0.46	0.00293812488097736
Anp32e	1.74319852874201e-06	-1.01774882503802	0.671	0.667	0.00348639705748401
Lig1	1.84958891937432e-06	-0.260378013216469	0.227	0.336	0.00369917783874864
Gm48321	2.39010930310993e-06	-0.879101832282624	0.14	0.346	0.00478021860621985
Hmgb3	2.62675084008379e-06	-0.3037703230953	0.271	0.398	0.00525350168016758
Hivep3	3.75746890581446e-06	-0.586912982057158	0.29	0.438	0.00751493781162893
Cdca3	4.75029955453567e-06	-0.509285929676311	0.411	0.285	0.00950059910907134
Sat1	4.89762825082133e-06	0.282146140491835	0.58	0.428	0.00979525650164265
Arl6ip1	5.80531933487625e-06	-0.624778514432779	0.874	0.784	0.0116106386697525
Eif4a1	6.26634421114262e-06	-0.458641328352854	0.841	0.78	0.0125326884222852
Cd74	7.1476088513391e-06	-0.667907632600899	0.348	0.274	0.0142952177026782
Gm36723	7.55738326538711e-06	0.441419050314383	0.362	0.084	0.0151147665307742
Cdc20	8.52559722571114e-06	-0.40533649633255	0.043	0.304	0.0170511944514223
Ckap2l	9.26061361454821e-06	-0.328675810641146	0.019	0.265	0.0185212272290964
Cks1b	9.81908693002761e-06	-0.472088304506519	0.541	0.397	0.0196381738600552
Alyref	1.26931205398159e-05	-0.441261996370763	0.44	0.522	0.0253862410796317
Phactr2	1.32435789585421e-05	0.684450366847734	0.478	0.367	0.0264871579170842
Racgap1	1.62051982555886e-05	-0.335244047476785	0.222	0.386	0.0324103965111771
H4c4	1.65516862535911e-05	-1.16891709979352	0.43	0.543	0.0331033725071821
Gpm6b	2.01946100976263e-05	0.500895021447006	0.425	0.253	0.0403892201952526
Ifi214	2.06384431524071e-05	0.324336997850706	0.357	0.076	0.0412768863048143
Cenpf	2.19943635340466e-05	-1.00009131136441	0.121	0.374	0.0439887270680931
H2ax	2.50841695458837e-05	-0.863132156709154	0.338	0.43	0.0501683390917673
Lef1os1	2.76258523641399e-05	-0.341311760063593	0.087	0.325	0.0552517047282799
Eml6	3.12173717054759e-05	0.276803011672242	0.188	0.182	0.0624347434109518
Ptcra	3.34496224040472e-05	-0.36334309313823	0.29	0.421	0.0668992448080943
H2ac10	4.98204946177271e-05	-0.471683349910049	0.101	0.202	0.0996409892354541
Tubb5	5.05681470072158e-05	-0.756692920963365	0.894	0.789	0.101136294014432
Ect2	5.52701740181159e-05	-0.557448447829566	0.188	0.397	0.110540348036232
Ubb	5.64589193138523e-05	-0.421921228062865	0.966	0.884	0.112917838627705
Gm43647	6.37074934247703e-05	-0.5966193655792	0.488	0.329	0.127414986849541
Gzma	6.43230048301158e-05	0.894740518684326	0.319	0.406	0.128646009660232
Rap1gap2	7.06529809021742e-05	0.448708575657634	0.391	0.158	0.141305961804348
Clybl	7.74216089477398e-05	0.360592181834836	0.435	0.337	0.15484321789548
Banf1	8.44007987790752e-05	-0.493131829331867	0.609	0.635	0.16880159755815
Ndc80	0.000102202048631805	-0.370187096466752	0.353	0.414	0.204404097263611
Igkc	0.000103444813899959	-1.63168590724173	0.396	0.315	0.206889627799918
Hdac9	0.000109955612084626	0.761830779075253	0.232	0.286	0.219911224169253
Pam	0.000114967497190419	0.394209851854755	0.43	0.321	0.229934994380838
Ptma	0.000118924702667104	-0.792440397564764	0.976	0.935	0.237849405334208
Kif15	0.000122363129098	-0.483546694271457	0.483	0.342	0.244726258195999
Cmc2	0.000122549941553747	-0.358596904863385	0.343	0.442	0.245099883107494
Npm3	0.00013835379283275	0.288092332524889	0.618	0.516	0.276707585665499
H1f4	0.000159015165702618	-1.12055773457136	0.599	0.628	0.318030331405236
Srsf2	0.000249756225483065	-0.446114495241784	0.676	0.705	0.49951245096613
Sgo1	0.000253555389440877	-0.296638102071246	0.396	0.322	0.507110778881753
Tcf4	0.00026795480420213	-0.727384677061147	0.464	0.526	0.535909608404261
Kmt5a	0.00034860123618585	-0.336224430326456	0.406	0.507	0.697202472371699
Klra7	0.000357802826894014	1.91317183387894	0.324	0.067	0.715605653788028
Mei4	0.000364698565763686	-0.35800425026632	0.135	0.353	0.729397131527373
H1f2	0.000368738822657214	-0.772980149075486	0.614	0.632	0.737477645314428
Ndufc1	0.0003862333821524	-0.27964594279806	0.512	0.582	0.772466764304801
Aurkb	0.000387895771869513	-0.277464726872837	0.019	0.222	0.775791543739025
Ckap2	0.000397101338751857	-0.268794897861643	0.145	0.362	0.794202677503714
Tent5c	0.00042835016876475	0.301197319939981	0.246	0.118	0.8567003375295
E2f8	0.00043201187685399	-0.299091257148253	0.024	0.228	0.864023753707981
Slit3	0.000432671006205034	-0.513395365255134	0.213	0.233	0.865342012410068
Glis3	0.000444024701965328	0.388843211053341	0.367	0.239	0.888049403930656
Gpx1	0.000457057489238039	-0.297256116697365	0.459	0.55	0.914114978476078
Top2a	0.652418018022196	-1.60485029092568	0.44	0.436	1
Hmgb2	0.00277179852939292	-1.44834351315643	0.836	0.672	1
H2ac24	0.005733686378192	-1.40475044476457	0.353	0.401	1
H3c3	0.00517065377597328	-1.23017246171576	0.42	0.353	1
Mki67	0.00316951077897393	-1.21523143381075	0.237	0.376	1
Hmgn2	0.550126006568421	-1.13570457559357	0.686	0.55	1
Smoc1	0.128213308553844	-1.03074066044418	0.469	0.397	1
Cacna1e	0.109481290148228	-1.02124548037608	0.488	0.376	1
Itm2a	0.628543483781974	-0.940757101654759	0.454	0.444	1
Gm32004	0.121372042040837	-0.932526382808457	0.343	0.354	1
Nusap1	0.539471630018165	-0.89001903194415	0.377	0.38	1
H2az1	0.854367984751724	-0.870893446112176	0.879	0.771	1
Dut	0.805857418478417	-0.853795483572778	0.585	0.489	1
Lockd	0.458307000195636	-0.835630204021574	0.493	0.438	1
Ctla4	0.00459435561535279	0.80837553341446	0.28	0.322	1
Fcer1g	0.0169380179111402	0.805912325795889	0.333	0.114	1
Marchf3	0.0144233107396319	0.792603420623958	0.382	0.34	1
Dip2c	0.000657776283128072	-0.778867579680224	0.415	0.456	1
Kctd1	0.340627939425604	-0.759701822789426	0.43	0.391	1
Tmcc3	0.36135127680795	-0.75763145970558	0.517	0.413	1
Gm525	0.0332754915317134	-0.708662025702241	0.406	0.429	1
Trgv2	0.265082152757406	0.6989697266196	0.304	0.088	1
Klra3	0.883688742275543	0.685491769527153	0.222	0.047	1
Knl1	0.160759249818088	-0.681445027465982	0.324	0.416	1
Anxa2	0.00195551422712466	-0.665616758877186	0.705	0.646	1
Anp32b	0.00218690234419573	-0.6645756325538	0.86	0.757	1
Pou2f2	0.720765887577911	0.649707582506281	0.333	0.253	1
Tbc1d4	0.213253274078665	0.644912404445992	0.415	0.37	1
Tmpo	0.00576030978005892	-0.631839531685236	0.589	0.615	1
Odc1	0.0462648760166239	0.628817769093732	0.435	0.396	1
Tpx2	0.0367368530724673	-0.628358737450979	0.44	0.354	1
Cenpp	0.129717107296428	-0.605597911900741	0.415	0.379	1
Tuba1b	0.0333154936008734	-0.60270138574541	0.638	0.54	1
Itga4	0.269493506530299	0.597316834573837	0.498	0.587	1
Nsd2	0.00234028225931384	-0.594791960050064	0.498	0.537	1
Kif23	0.683185933115506	-0.586223168336947	0.324	0.343	1
H2ac20	0.00127262265204663	-0.58571447692614	0.362	0.429	1
Cdk6	0.00802642768620972	-0.584818452467697	0.565	0.578	1
Cks2	0.00203635189820663	-0.570018660679792	0.507	0.419	1
Lgals3	0.776886944215151	0.567392191500731	0.314	0.072	1
Chl1	0.0697891833508331	-0.566890019722736	0.14	0.204	1
Maml3	0.15412008888124	-0.561187385431904	0.565	0.492	1
Hmgn1	0.0238609043686171	-0.548426983674888	0.696	0.642	1
S1pr1	0.03089645488112	0.533333108525151	0.367	0.067	1
Ppt1	0.236831641768285	-0.519607457763343	0.643	0.579	1
Ptpn13	0.221751402692332	0.517239352961855	0.285	0.074	1
Hmmr	0.572299187194702	-0.513537102980211	0.28	0.289	1
Cenpa	0.00696160297521928	-0.490989041052947	0.3	0.373	1
Stk39	0.0162467342271546	0.488191810681203	0.415	0.24	1
Atp8a2	0.0887105262615439	0.487978707111188	0.275	0.232	1
Uhrf1	0.106755056434369	-0.481331207103302	0.348	0.401	1
Jaml	0.523956631504919	0.479961287820094	0.324	0.145	1
Wwox	0.00206032557956939	-0.479637767833861	0.652	0.497	1
Rora	0.110040573096306	0.468440706902401	0.271	0.259	1
Cdv3	0.362930087782897	-0.46575988920575	0.705	0.616	1
Smc2	0.0495673030001214	-0.461955691812442	0.512	0.43	1
Ccdc34	0.045755533882013	-0.459272859147404	0.391	0.42	1
Prim2	0.019170110970475	-0.453325440171835	0.449	0.483	1
Xaf1	0.0155921360910323	0.444984101969804	0.406	0.328	1
Immp2l	0.0778798468621168	0.444042059293189	0.44	0.391	1
H2-Ab1	0.00149486026372621	-0.441881895115423	0.01	0.173	1
Ckap5	0.0577388222085028	-0.439709559029584	0.556	0.578	1
H2-Aa	0.000618689476179679	-0.439480004442816	0.14	0.143	1
Diaph3	0.00652223623505066	-0.434254080320582	0.28	0.357	1
Cbx5	0.405183341972211	-0.426873621336692	0.623	0.5	1
Ttc28	0.0128791038601349	0.417840322042496	0.488	0.409	1
Serpinb6b	0.219789727228778	0.417352407014656	0.386	0.32	1
Ikzf2	0.442339266732716	0.41642036859389	0.565	0.574	1
Ran	0.938041435978709	-0.416025278782827	0.778	0.647	1
Jpt1	0.0162326749051978	-0.41487829185398	0.763	0.717	1
Dek	0.120574648622683	-0.412741489673581	0.744	0.582	1
Cd9	0.185210629595071	0.410962196770702	0.372	0.276	1
Hnrnpd	0.00431300529900044	-0.410880351667226	0.792	0.708	1
Snu13	0.000615187010265603	-0.410246852486463	0.633	0.654	1
Mis18bp1	0.000569127100365179	-0.401961359581764	0.155	0.353	1
Nfia	0.0195305155230795	-0.398931824466381	0.237	0.324	1
Evi2a	0.289008319674919	0.392478728014182	0.3	0.14	1
Oxr1	0.00217571135815826	-0.392007178199597	0.444	0.528	1
Gapdh	0.0131487481542022	-0.391631737879994	0.908	0.805	1
Depdc1a	0.0595927452158875	-0.390990682640792	0.116	0.216	1
Ppm1l	0.842406086222825	-0.390873521881757	0.425	0.403	1
Cep128	0.00915793041016341	-0.388434144428249	0.56	0.441	1
Cox7a2	0.000518130842993795	-0.388358126425868	0.821	0.778	1
Nucks1	0.661424586080408	-0.387121047042595	0.662	0.57	1
Calm2	0.0198892756030039	-0.386663055163373	0.899	0.801	1
Atad5	0.953068577845017	-0.381577507745293	0.386	0.366	1
Cd200r1	0.081945921062281	0.381158681936524	0.333	0.237	1
Myo6	0.00150056553215245	0.381094866816651	0.353	0.192	1
Pcna	0.0304071331363152	-0.372599942227143	0.643	0.513	1
Xbp1	0.68565202661101	-0.372372811506571	0.488	0.44	1
Klhdc2	0.00196263900148297	0.371660972516301	0.401	0.265	1
Trgc1	0.760748876327762	0.363092188961347	0.28	0.102	1
Hnrnpa1	0.00629594907442424	-0.362795124882337	0.831	0.741	1
Basp1	0.0258279850792598	-0.359581511716268	0.237	0.407	1
Ly6k	0.00327038965041813	-0.359339207079304	0.396	0.291	1
Mctp1	0.015846551010934	0.359026046710335	0.135	0.153	1
Cdkn2c	0.285926496650365	-0.35795295569471	0.382	0.346	1
Snrpe	0.00102945950542301	-0.355907309268259	0.86	0.778	1
Dtymk	0.011429520377479	-0.355572430393063	0.633	0.469	1
Tfdp1	0.303380672750129	-0.353581708337139	0.454	0.457	1
Magoh	0.00264705779371151	-0.340562355826566	0.531	0.559	1
Camkmt	0.608495323170969	-0.340276291612021	0.411	0.407	1
Selenop	0.0620916807703275	-0.339313960678832	0.338	0.388	1
Bub3	0.158610348676192	-0.336278906493057	0.599	0.561	1
Bub1b	0.00147612686185508	-0.335311636272583	0.261	0.357	1
Esco2	0.00370930965397531	-0.334451341490217	0.068	0.229	1
Mia2	0.192613769906968	-0.334121548123158	0.715	0.665	1
Pbk	0.000726566313828268	-0.33400190330566	0.092	0.224	1
Myl10	0.850238158598308	-0.333467378126801	0.179	0.307	1
Nasp	0.177287662366068	-0.331771311313389	0.575	0.567	1
Plcb4	0.848852615158258	0.330784029471701	0.367	0.36	1
Gm6209	0.00143460304673412	-0.330471726876098	0.063	0.207	1
Mthfd1l	0.331609679149509	0.327864599454968	0.406	0.346	1
Tubb4b	0.00227347200658591	-0.32388834292967	0.676	0.554	1
Gm11342	0.0471539873208284	-0.322579608820977	0.188	0.273	1
Myc	0.0267284231311893	0.322126798583771	0.425	0.341	1
Kif18a	0.00310990955423412	-0.319338625143018	0.478	0.412	1
Relb	0.17290363537045	0.317618928679046	0.319	0.263	1
Bcl2l11	0.050677661343762	-0.315007354467245	0.522	0.428	1
Rpa3	0.35809710283129	-0.313684192090353	0.464	0.473	1
Ndufab1	0.0110445740239797	-0.308686990614432	0.618	0.632	1
Mcm7	0.481699517936505	-0.305738205781551	0.488	0.447	1
Orc6	0.638322669603468	-0.305693368003367	0.469	0.418	1
Tipin	0.0128612194893446	-0.304252076462079	0.329	0.383	1
Isg20	0.111167220989033	0.302607597668606	0.382	0.323	1
Atp5b	0.0289127902821944	-0.301705979980566	0.884	0.755	1
Cst3	0.908643508366811	-0.300018167939572	0.585	0.588	1
Uqcr11	0.231709470131947	-0.297905705475045	0.72	0.628	1
Kif20b	0.138032928898874	-0.290325283098576	0.464	0.413	1
Usp1	0.00296993713173813	-0.289396263801365	0.406	0.494	1
Brip1	0.0242221604633104	-0.28733759908427	0.473	0.39	1
Bicd1	0.00382368605875859	0.286985195230448	0.213	0.055	1
Rnf19b	0.138628525930512	0.286642724950223	0.329	0.343	1
Ube2e2	0.0014461876863055	-0.282607148787425	0.391	0.311	1
Rbm3	0.509576095378995	-0.277547096140119	0.865	0.738	1
Ybx1	0.191973977725775	-0.277008615630402	0.879	0.783	1
Rfc1	0.597916049738222	-0.274428741198469	0.594	0.524	1
Bbof1	0.00280251762183207	-0.272088794977217	0.329	0.265	1
Gm4956	0.399662134836452	0.260849244928367	0.116	0.039	1
Foxp3	0.282379134143443	0.257677371972839	0.106	0.037	1
Spdl1	0.0194234596954756	-0.256813232150341	0.478	0.372	1
Hpse2	0.113445747222122	-0.256609319743976	0.333	0.283	1
Tcf7l2	0.966313726570483	-0.253330778270323	0.174	0.316	1
Dlgap5	0.00351029819147242	-0.25297560649859	0.266	0.254	1
Fbl	0.00832234278828397	0.251591752766357	0.565	0.515	1
Efcab11	0.58897757182786	-0.251129264538622	0.386	0.315	1
Aurka	0.00178756362837013	-0.250248025384977	0.039	0.262	1
